episode_id,title,youtube_video_id,url,published_at
001,#1 Joel Smith: Order & Chaos in Training & Podcasting Pro Tips,IGXAL6BD5pE,https://www.youtube.com/watch?v=IGXAL6BD5pE,
002,#2 The Guiding Light For Our Business,frLl9RnUuuQ,https://www.youtube.com/watch?v=frLl9RnUuuQ,
003,#3 Jill Zimmerman & Katie St Clair: Marketing Pelvic Floor & Yielding In Plyometrics,J64GiQOWjDc,https://www.youtube.com/watch?v=J64GiQOWjDc,
004,"#4 Graeme Morris: Career Decisions, Back Surgery & Sprinting with Athletes",_sprYzOCRoU,https://www.youtube.com/watch?v=_sprYzOCRoU,
005,"#6 Keir Wenham Flatt on Branding, Building a Business & Making Money",Fpr5x4PePdE,https://www.youtube.com/watch?v=Fpr5x4PePdE,
006,"#7 Jeffrey Wolf on Systems, Stretching & Being The Flexibull",dguS6EccfIk,https://www.youtube.com/watch?v=dguS6EccfIk,
007,The DGR Podcast with The Flexibull: The Issue with Yoga,m7wYc49TBJM,https://www.youtube.com/watch?v=m7wYc49TBJM,
008,#8 with Chris Miah: Lessons from a Pro Fighter & Training the Combat Athlete,0R1s51UEqEk,https://www.youtube.com/watch?v=0R1s51UEqEk,
009,#9 - Jamie Smith on Building an S&C Empire,OiforIqbT80,https://www.youtube.com/watch?v=OiforIqbT80,
010,"#10 Tim Riley on Knee Pain, Biomechanics & Training Pro Athletes",vhhkWfKkO88,https://www.youtube.com/watch?v=vhhkWfKkO88,
011,#11 Jake Tuura: Patellar Tendon King,HGE8-ncLcrw,https://www.youtube.com/watch?v=HGE8-ncLcrw,
012,#12 with John 'The Glute' Noonan,jHniQOmflJI,https://www.youtube.com/watch?v=jHniQOmflJI,
013,#13 Matt McInnes Watson on Plyometrics,S3hDBcAp1PI,https://www.youtube.com/watch?v=S3hDBcAp1PI,
014,"#15 Daniel Back on Jump Science, Fast Eccentrics, & Hip vs Knee Dominance",d8uU1vuJiac,https://www.youtube.com/watch?v=d8uU1vuJiac,
015,#17 Lee Taft - The Speed Guy,jAylOhOqC4A,https://www.youtube.com/watch?v=jAylOhOqC4A,
016,#18 Mini Pod: The Inhale is the Fix,38qubnTZ5Lw,https://www.youtube.com/watch?v=38qubnTZ5Lw,
017,#19 Mini Pod: Yielding vs Stiff Plyos,VCisP3V1bko,https://www.youtube.com/watch?v=VCisP3V1bko,
018,#20 Mini Pod: Don't Believe What Your Clients Tell You!,SXqBuV0cshc,https://www.youtube.com/watch?v=SXqBuV0cshc,
019,Ben MC Conville - Pronation,-zn0j6UVpk8,https://www.youtube.com/watch?v=-zn0j6UVpk8,
020,"#21 Jonas Dodoo on SpeedWorks, Bum Before Back and Drill Conditioning",_oYWpcek2v4,https://www.youtube.com/watch?v=_oYWpcek2v4,
021,"Solo Pod: Q&A Swaybacks, Glutes & Tony Robbins",zkV4cJv68fY,https://www.youtube.com/watch?v=zkV4cJv68fY,
022,#23 Lachlan Wilmot - Athletes Authority,xluRp2I8QdA,https://www.youtube.com/watch?v=xluRp2I8QdA,
023,#24 Peter Malliaras on Achilles Tendinopathy,1kSt5aneN-E,https://www.youtube.com/watch?v=1kSt5aneN-E,
024,#25 Arm Swing & Muscle Testing Myths,IFe0zrPJ34w,https://www.youtube.com/watch?v=IFe0zrPJ34w,
025,"#26 John Kiely on Predictions, Placebo & Smoothness in Running",_Yg0Irhyow4,https://www.youtube.com/watch?v=_Yg0Irhyow4,
026,"#27 with Chris Leddy: Back Surgery, Rehab & DGR Interactive",XwQGiDPPf9c,https://www.youtube.com/watch?v=XwQGiDPPf9c,
027,"#28 Pain & Variability, Fly Wheel Training & Body Building for Athletes",BVRNCvTB4X0,https://www.youtube.com/watch?v=BVRNCvTB4X0,
028,#32 Luke Tulloch on Content Creation & Online Coaching,1ERRDldxaWY,https://www.youtube.com/watch?v=1ERRDldxaWY,
029,#29 Shanté Cofield on Instagram and Buliding an Online Business,-CgLcoa7brw,https://www.youtube.com/watch?v=-CgLcoa7brw,
030,#30 Belief or Biomechanics? And Improving Ankle Dorsiflexion,HQjGWx1qk5c,https://www.youtube.com/watch?v=HQjGWx1qk5c,
031,#31 Helen Hall on Running,T3MkFpn7VNQ,https://www.youtube.com/watch?v=T3MkFpn7VNQ,
032,#33 Matt McInnes Watson - 10 Day Instagram Challenge,fYvX9_BaqOA,https://www.youtube.com/watch?v=fYvX9_BaqOA,
033,"#34 Dwain Chambers on Sprinting, Doping & Redemption",eybcaBdm5e8,https://www.youtube.com/watch?v=eybcaBdm5e8,
034,"EP 35 Instability Training, Hinging, & The Most Expansive & Compressive Exercises",I88t8B5C3Hw,https://www.youtube.com/watch?v=I88t8B5C3Hw,
035,#37 Yoeri Pegel On Strength Training For Football (Soccer),fx8xz8qiNpI,https://www.youtube.com/watch?v=fx8xz8qiNpI,
036,"#38 Wiggly Scaps, Prehab, & Social Media",WGrcjuVSSJo,https://www.youtube.com/watch?v=WGrcjuVSSJo,
037,#39 Aleena Kanner on Postural Restoration Institute,nlPn5FxgALc,https://www.youtube.com/watch?v=nlPn5FxgALc,
038,"#40 Grant Fowler on Remote Coaching, Business, & Red Light Therapy",SsJSRcKRg30,https://www.youtube.com/watch?v=SsJSRcKRg30,
039,#41 OUR U.S. TOUR,9L7V_0JuSa0,https://www.youtube.com/watch?v=9L7V_0JuSa0,
040,"#42 Necks, RPE, and S&C",E8Jc_t8CBt4,https://www.youtube.com/watch?v=E8Jc_t8CBt4,
041,"#43 Swing Phase, Cocontractions, & IG Followers",7qfPRBkIoAY,https://www.youtube.com/watch?v=7qfPRBkIoAY,
042,"#44 Harry Simington on Attractors of Running, & Coordination Based Training",RmEy-MGhKSY,https://www.youtube.com/watch?v=RmEy-MGhKSY,
043,"#45 Greg Hawthorne - How our structure, shape & guts influence our movement",90ZCxoDWppA,https://www.youtube.com/watch?v=90ZCxoDWppA,
044,#46 Angus Bradley - World Domination,GlxtF_voti8,https://www.youtube.com/watch?v=GlxtF_voti8,
045,"#47 The DGR Podcast: Adductors, Hip Shifts, & Recessions",f67H_DBrYjU,https://www.youtube.com/watch?v=f67H_DBrYjU,
046,"#48 Kettlebells, Solopreneurship, & Travelling The World",R7WENYsz2tg,https://www.youtube.com/watch?v=R7WENYsz2tg,
047,#49 with Jason Feairheller - Building Multi-Directional Speed,wXIAZqv63AY,https://www.youtube.com/watch?v=wXIAZqv63AY,
048,"#51 Drop & Catch, and Change of Direction",eUiPFVEQeaY,https://www.youtube.com/watch?v=eUiPFVEQeaY,
049,#52 Drewe Broughton - The Fear Coach,msYSxhBqqhE,https://www.youtube.com/watch?v=msYSxhBqqhE,
050,#54 Jamie Smith - Building an S&C EMPIRE 2.0,g2yP4YZZU08,https://www.youtube.com/watch?v=g2yP4YZZU08,
051,#55 The 2022 Round Up,T7NoGRdt-F8,https://www.youtube.com/watch?v=T7NoGRdt-F8,
052,#56 Colin Griffin on Achilles Tendon Rehab,LBPiN02uvwM,https://www.youtube.com/watch?v=LBPiN02uvwM,
053,#57 2023 Social Media Strategy,VftAKp-3sDI,https://www.youtube.com/watch?v=VftAKp-3sDI,
054,#64 Keir Wenham Flatt: From Rugby Guy To Money Guy,h-gPcLYvkss,https://www.youtube.com/watch?v=h-gPcLYvkss,
055,"#65 Ian Markow: Mobility, FRC, & Integration",bk66ezz_Xzg,https://www.youtube.com/watch?v=bk66ezz_Xzg,
056,"#66 Tension, Rhythm, & Storytelling",4OeGk2Lhd2M,https://www.youtube.com/watch?v=4OeGk2Lhd2M,
057,#67 Petey Performance X DGR: Negative Transfer & The Psychology of Coaching,XcaLUiDHrC4,https://www.youtube.com/watch?v=XcaLUiDHrC4,
058,"#68 Anterior Tilt, Education, & Ads",t1vMe8bTcmw,https://www.youtube.com/watch?v=t1vMe8bTcmw,
059,"#69 Jill Miller: Yoga, Hypermobility, & Relaxation Induced Anxiety",1x7L--ovVKA,https://www.youtube.com/watch?v=1x7L--ovVKA,
060,#70 The Perfect Mix of Sports for Kids,KNDjowNvsjc,https://www.youtube.com/watch?v=KNDjowNvsjc,
061,#71 Vas Krishnan: The Sprinting Physio,j9Jwfq2Jt_M,https://www.youtube.com/watch?v=j9Jwfq2Jt_M,
062,#72 Position Dictates Function & Specific vs General Strength,wIpr-d9s_2A,https://www.youtube.com/watch?v=wIpr-d9s_2A,
063,"#73 Craig Mallet: Tension, Pain & Longevity",rFRPDf6pFwI,https://www.youtube.com/watch?v=rFRPDf6pFwI,
064,#75 David & The Foot Collective,ZwVlwu4CqeI,https://www.youtube.com/watch?v=ZwVlwu4CqeI,
065,#77 Business Q&A,6MIP64QDTu0,https://www.youtube.com/watch?v=6MIP64QDTu0,
066,#78 Contrast Training in Rehab,UdcmWOFnAPc,https://www.youtube.com/watch?v=UdcmWOFnAPc,
067,#79 Brandon Accardi: Movement Models & Quality Coaching,1kBrp1XVujU,https://www.youtube.com/watch?v=1kBrp1XVujU,
068,#80 Jake Tuura: Patellar & Achilles Tendon Rehab 2.0,DoET2Q_CYzY,https://www.youtube.com/watch?v=DoET2Q_CYzY,
069,#81 Joseph Bartz: Joint Mobility & The BPS Model,e8x-Whg7H34,https://www.youtube.com/watch?v=e8x-Whg7H34,
070,"#82 Alan Murdoch: Speedworks, Rehab, Coordination & Specificity",7CzLXQ-cdFs,https://www.youtube.com/watch?v=7CzLXQ-cdFs,
071,"#83 Business, Networking & Marketing Wheels",pTyO-lsAC6Y,https://www.youtube.com/watch?v=pTyO-lsAC6Y,
072,"#84 Switching, Slouching & Sandwiches",ZMXunKCzXjY,https://www.youtube.com/watch?v=ZMXunKCzXjY,
073,"#85 The Pelvis, Zerchers, & Hinging",IwfLpClUWiI,https://www.youtube.com/watch?v=IwfLpClUWiI,
074,"#86: Quads Vs Soleus, & Changing Perspectives",eIBZXItD41Y,https://www.youtube.com/watch?v=eIBZXItD41Y,
075,#87 Graeme Morriss: From Job Search to Pro Sport,SxyOUdTJeB8,https://www.youtube.com/watch?v=SxyOUdTJeB8,
076,"#88 Centre of Mass, Sensory Wor﻿k, & Twitter",9px_6RVyF-E,https://www.youtube.com/watch?v=9px_6RVyF-E,
077,#89 Andy Chen NYC,c_JEon1D6bA,https://www.youtube.com/watch?v=c_JEon1D6bA,
078,#89 Andy Chen in NYC,V_EhC2-T0rA,https://www.youtube.com/watch?v=V_EhC2-T0rA,
079,#94 Active Vs Passive Range of Motion,dXSSXWP5_dk,https://www.youtube.com/watch?v=dXSSXWP5_dk,
080,#95 - 2023 Recap & 5 Big Ideas,GZedDeVrfpw,https://www.youtube.com/watch?v=GZedDeVrfpw,
081,#97 Gai﻿t & Flare Ups,etuCffJWh8k,https://www.youtube.com/watch?v=etuCffJWh8k,
082,"#98 Asymmetries, Shoulders, & Alan Turing",E_cOb-o64nk,https://www.youtube.com/watch?v=E_cOb-o64nk,
083,"#99 Programming for Rehab, Chronic Pain & Pro Athletes",B6Ll-M_lfTk,https://www.youtube.com/watch?v=B6Ll-M_lfTk,
084,"#100 100 Pods, 5 Knee Lessons, 1 Baby | David Grey Rehab Podcast",z18ZXycdpwc,https://www.youtube.com/watch?v=z18ZXycdpwc,
085,"#101 S & C, Mobility & Decision Making | David Grey Rehab Podcast",5i_pFSDK3wY,https://www.youtube.com/watch?v=5i_pFSDK3wY,
086,"Episode 102 Groins, Pelvic Tilts And Admiration | David Grey Rehab Podcast",OkXLy9TW_Jw,https://www.youtube.com/watch?v=OkXLy9TW_Jw,
087,"Episode 104: Programming For The Spine, Breathing And Malicious Physios",X0fwFmsPeWc,https://www.youtube.com/watch?v=X0fwFmsPeWc,
088,#105 Why You SHOULD Compare Yourself To Olympians,k2Z-B6nEjkc,https://www.youtube.com/watch?v=k2Z-B6nEjkc,
089,#106 Upper Limb Rehab & Keeping Clients On Track,7cPR10_5qjU,https://www.youtube.com/watch?v=7cPR10_5qjU,
090,#107 Top Secret Programming Tips,QhZ_kxHelog,https://www.youtube.com/watch?v=QhZ_kxHelog,
